title,description,tags,category
8-GOAL THRILLER ğŸ¤¯ Barcelona vs. Atletico Madrid | Copa del Rey Highlights | ESPN FC,"Watch highlights from the Spanish Copa del Rey Semifinals as Barcelona vs. Atletico Madrid ends in a 4-4 draw. Pedri, Pau CubarsÃ­, IÃ±igo MartÃ­nez and Robert Lewandowski net goals for Barcelona, while JuliÃ¡n Ãlvarez, Antoine Griezmann, Marcos Llorente and Alexander SÃ¸rloth score for Atletico Madrid.
#ESPN #ESPNFC

âœ” Subscribe to ESPN+: espnplus.com/soccer
âœ” Subscribe to ESPN FC on YouTube: http://bit.ly/SUBSCRIBEtoESPNFC",,17
HIGHLIGHTS | FC BARCELONA 4 vs 4 ATLETICO MADRID | COPA DEL REY 24/25 (WITH COMMENTARY),"Eight-goal thriller sees both sides bounce back from two-goals behind, leaving things wide open for the return leg on April 2

SUBSCRIBE NOW:
â–¶ www.youtube.com/user/fcbarcelona 

ğŸ“± App: http://barca.link/kXum50R6rNO
âš½ BarÃ§a One: http://barca.link/I32O50QVbj2
ğŸŒ Site: www.fcbarcelona.com
ğŸ“¸ Instagram: http://www.instagram.com/fcbarcelona
ğ• Twitter: http://twitter.com/FCBarcelona
ğŸ¶ Tiktok: https://www.tiktok.com/@fcbarcelona 
ğŸ”µ Facebook: http://www.facebook.com/fcbarcelona
ğŸ‘¾ Discord: https://discord.gg/fcbarcelonaofficial
ğŸ› Get all official BarÃ§a apparel from FC Barcelona's online store: http://barca.link/j8QH30qQh4Y 
ğŸ”µğŸ”´ #FCBarcelona","FC Barcelona, Ø¨Ø±Ø´Ù„ÙˆÙ†Ø©ØŒ, FÃºtbol, FUTBOL, soccer, FUTEBOL, Sepakbola, ã‚µãƒƒã‚«ãƒ¼, ÙƒØ±Ø© Ø§Ù„Ù‚Ø¯Ù…, football, FCB, BarÃ§a, Sport, Club, ter stegen, goat, yt:cc=on, pedri, de Jong, lewandowski, spotify, kounde, Gavi, Lamine Yamal, Balde, Lewy, Lewandowski, Pau CubarsÃ­, CAMP NOU, Messi, Barcelona, Ronald, Araujo, Christensen, FermÃ­n, Ferran Torres, Sergi Roberto, La Liga, Frenkie, HÃ©ctor Fort, Dani Olmo, Hansi Flick, Joan Laporta, Neymar, Iniesta, Xavi, Busquets, Guardiola, Spotify, culer, Highlights, 4-4, Resumen, Atletico Madrid",17
BARCELONA 4-4 ATLÃ‰TICO DE MADRID. PARTIDAZO HISTÃ“RICO en la ida de semifinales | Copa del Rey,Barcelona y AtlÃ©tico de Madrid nos regalaron un partidazo histÃ³rico 4-4 en la ida de las semifinales de la Copa del Rey. Todo se definirÃ¡ en la vuelta. #barcelona #atleticodemadrid #copadelrey | ESPN Deportes | RESUMEN,"copa del rey, barcelona, atletico de madrid, lewandowski, lamine yamal, gol del barcelona, barcelona vs atletico de madrid, espn deportes, espn mexico, atletico de madrid vs barcelona, atletico madrid, espn, futbol, resumen, julian alvarez, resumen barcelona vs atletico de madrid, resumen del barcelona, barcelona highlights, atletico de madrid highlights, resumen copa del rey, barcelona atletico de madrid, copa del rey 2025, highlights, gol de julian alvarez, gol de lewandowski",17
Andor | Season 2 Trailer | Streaming April 22 on Disney+,"The critically acclaimed series returns.

Watch the new trailer for season 2 of Andor, streaming April 22 on Disney+.","Andor, Cassian Andor, Star Wars, Lucasfilm, Andor Season 2, Rebel, The Rebellion, Rebel Alliance, Mon Mothma, Luthen, scifi",24
...But You Also Love Animals? Watch This Video!,"Are you getting the full story? Go to https://ground.news/KiN to access world-wide sources and compare coverage. Subscribe for 40% off unlimited access .

Support us by becoming a Patron and get access to exclusive content: https://kgs.link/patreon

Sources & further reading:
https://sites.google.com/view/meat-torture/

Most of us love animals but also eat meat. Unfortunately, most animals we eat live in truly horrible conditions. We donâ€™t torture them for better meat, just for cheaper meat. If we all paid just a bit more, we could avoid most animal suffering â€“ often just for a few cents per meal. What would it truly cost us to avoid animal torture and still eat meat?


OUR CHANNELS
â–€â–€â–€â–€â–€â–€â–€â–€â–€â–€â–€â–€â–€â–€â–€â–€â–€â–€â–€â–€â–€â–€â–€â–€â–€â–€
German:        https://kgs.link/youtubeDE
Spanish:        https://kgs.link/youtubeES
French:          https://kgs.link/youtubeFR
Portuguese:  https://kgs.link/youtubePT
Arabic:           https://kgs.link/youtubeAR
Hindi:             https://kgs.link/youtubeHI
Japanese:     https://kgs.link/youtubeJA
Korean:          https://kgs.link/youtubeKO


HOW CAN YOU SUPPORT US?
â–€â–€â–€â–€â–€â–€â–€â–€â–€â–€â–€â–€â–€â–€â–€â–€â–€â–€â–€â–€â–€â–€â–€â–€â–€â–€
This is how we make our living and it would be a pleasure if you support us!

Get Products designed with â¤ï¸ https://shop.kgs.link
Join the Patreon Bird Army ğŸ§  https://kgs.link/patreon  


DISCUSSIONS & SOCIAL MEDIA
â–€â–€â–€â–€â–€â–€â–€â–€â–€â–€â–€â–€â–€â–€â–€â–€â–€â–€â–€â–€â–€â–€â–€â–€â–€â–€
TikTok:           https://kgs.link/tiktok
Reddit:            https://kgs.link/reddit
Instagram:     https://kgs.link/instagram
Twitter:           https://kgs.link/twitter
Facebook:      https://kgs.link/facebook
Discord:          https://kgs.link/discord
Newsletter:    https://kgs.link/newsletter


OUR VOICE
â–€â–€â–€â–€â–€â–€â–€â–€â–€â–€â–€â–€â–€â–€â–€â–€â–€â–€â–€â–€â–€â–€â–€â–€â–€â–€
The kurzgesagt voice is from 
Steve Taylor:  https://kgs.link/youtube-voice


OUR MUSIC â™¬â™ª
â–€â–€â–€â–€â–€â–€â–€â–€â–€â–€â–€â–€â–€â–€â–€â–€â–€â–€â–€â–€â–€â–€â–€â–€â–€â–€
700+ minutes of kurzgesagt soundtracks by Epic Mountain:

Spotify:            https://kgs.link/music-spotify
Soundcloud:   https://kgs.link/music-soundcloud
Bandcamp:     https://kgs.link/music-bandcamp
Youtube:          https://kgs.link/music-youtube
Facebook:       https://kgs.link/music-facebook

The soundtrack of this video:
SoundCloud:https://bit.ly/41caj8W
Bandcamp: https://bit.ly/4kfrSgT

If you want to help us caption this video, please send subtitles to subtitle@kurzgesagt.org
You can find info on what subtitle files work on YouTube here:
https://support.google.com/youtube/answer/2734698?hl=en-GB&ref_topic=7296214
Thank you!


ğŸ¦ğŸ§ğŸ¤ PATREON BIRD ARMY ğŸ¤ğŸ§ğŸ¦
â–€â–€â–€â–€â–€â–€â–€â–€â–€â–€â–€â–€â–€â–€â–€â–€â–€â–€â–€â–€â–€â–€â–€â–€â–€â–€
Many thanks to our wonderful Patreons (from http://kgs.link/patreon) who support us every month and made this video possible:
Mo Abdullah, John Boa, Tom, AndrÃ© Sachse, daniel boek, Victor Amestoy, Florian MÃ¼nnich, Mihai Sandu, Outside, Olivier, guldenmw, Howard Yang, Kungul, Casper, Sidney Story, Itvn, Lukas, xPotatoMilk29, Manuel Copado, Pepito Piernalarga, oloricky299, Joey Bishop, Elment, Chad Kennedy, Ashley Sangster, Liam and Andrew Gaskins, Brenda V, Evelyn, Kristiyan Popov, Charles Lepas, Emily Vance, Irina Pimenova, Stelliferous, å“²ç„ æ—


CHAPTERS
â–€â–€â–€â–€â–€â–€â–€â–€â–€â–€â–€â–€â–€â–€â–€â–€â–€â–€â–€â–€â–€â–€â–€â–€â–€â–€
0:00 Start
1:42 Chickens
5:16 Pigs
7:16 Cows
8:51 The Meat of the Issue â€“ Opinion Part
13:05 Ground News Sponsorship
14:40 Become a Part of kurzgesagt",,27
We need to talk,"We need to talk...

ğŸŒŸSupport â€˜Bull Shark' on Kickstarter here! â¡ï¸ https://bit.ly/4k64l1T

Animator:
ToonCee â‡¨ https://twitter.com/toonceeanimated",Haminations,23
BOCA JUNIORS vs. ALIANZA LIMA | HIGHLIGHTS | CONMEBOL LIBERTADORES 2025,"ğŸ’™ğŸ‡µğŸ‡ª Â¡HistÃ³rica clasificaciÃ³n de #AlianzaLima! VenciÃ³ a #BocaJuniors en la Bombonera y sigue en la CONMEBOL #Libertadores. 

#GloriaEterna

SuscrÃ­bete al canal oficial de la CONMEBOL Libertadores para tener acceso al mejor contenido: https://bit.ly/345e8OL

Encuentra toda la informaciÃ³n en nuestro sitio oficial: www.conmebollibertadores.com

Â¡SÃ­guenos en nuestras redes!
Instagram: https://instagram.com/libertadores
Facebook: https://facebook.com/CopaLibertadores/
Twitter: https://twitter.com/libertadores","conmebol libertadores, libertadores, liberta, copa libertadores, gols, goles, goals, golaÃ§os, highlights, resumen, melhores momentos, futebol, fÃºtbol, soccer, gols libertadores, goles libertadores, melhores momentos libertadores, highlights liberta, libertadores femenina, libertadores fem, boca juniors, alianza lima, alianza, alianza libertadores, alianza vs boca, boca vs alianza",17
G-DRAGON - TOO BAD (feat. Anderson .Paak) (Official Video),"Listen to the Album â€œÃœbermensch"". OUT NOW!
ğŸ¼ Stream: https://music.empi.re/gdum

#GDRAGON #Ãœbermensch #GalaxyCorporation

â€˜Gâ€™, â€˜A.Pâ€™
â€œLet me kill â€™em like I usually do, Man.â€ 

Check it How do you do?
â€˜Tiki-Takaâ€™ ë‚œë¬´ 
ë¶ˆì´ë‚˜ ì¶•ì´ë“¯, ë•€ì´ ì£¼ë¥´ë¥´ë¥´ë¥µ
ë¹› ì¬, Beautiful (Thatâ€™s cool) 
ì‚´ì§ì¿µ ì†ë§Œ ì¡ê³  ì§ì§ê¿ ë³¼ ë§ì¥êµ¬
ê²ŒìŠ´ì¸ ë¥´ë ˆ, Gâ€™azm ì˜¤ë¥´ê²Œ 
Dang, Is she that good?! 

Baby Girl! Too bad for me 
There you go! Toot that! As for me?
All I want! Is in armsâ€™ reach 
Break me off! Passionately 
Baby Girl! Too bad for me
There you go! Toot that! As for me?
All I want! Is in armsâ€™ reach 
Break me off! Passionately 

ê¸´ê°€ë¯¼ê°€ ì–´ë”˜ê°€ ì•„ë¦¬ê¹Œë¦¬í•´
Flirtingì¸ê°€? Bluffingì¸ê°€? U got me bad 

MBTIê°€ SEXY TYPE í•˜ë‹ˆ ë‚´ ìƒ‰ì‹œë‚˜ í•´
GD be like that N.G Mì´ ë‚˜ì´ Zett
â€œI donâ€™t think so.â€

Baby Girl! Too bad for me 
There you go! Toot that! As for me?
All I want! Is in armsâ€™ reach 
Break me off! Passionately 
Baby Girl! Too bad for me 
There you go! Toot that! As for me?
All I want! Is in armsâ€™ reach
Break me off! Passionately 

You do somethinâ€™ (to me) 
The chills runninâ€™ (thru me) 
I feel somethinâ€™ (pull me) 
Iâ€™m still runninâ€™ (tilâ€™ I reach) 
You do somethinâ€™ (to me) 
The chills runninâ€™ (thru me) 
I feel somethinâ€™ (pull me) 
Iâ€™m still runninâ€™ (tilâ€™ I reach)

Come do something to me 
Come do something to me 
Come do something to me 
Too hot to touch, Show me
Come do something to me 
Come do something to me 
Come do something to me 
1, 2, You Too. Shall we? 

Baby Girl! Too bad for me 
There you go! Toot that! As for me?
All I want! Is in armsâ€™ reach 
Break me off! Passionately 
Baby Girl! Too bad for me 
There you go! Toot that! As for me?
All I want! Is in armsâ€™ reach
Break me off! Passionately 

You do somethinâ€™ (to me) 
The chills runninâ€™ (thru me) 
I feel somethinâ€™ (pull me) 
Iâ€™m still runninâ€™ (tilâ€™ I reach) 
You do somethinâ€™ (to me) 
The chills runninâ€™ (thru me) 
I feel somethinâ€™ (pull me) 
Iâ€™m still runninâ€™ (tilâ€™ I reach) 

You do somethinâ€™ 
The chills runninâ€™ 
I feel somethinâ€™ 
Iâ€™m still runninâ€™ (tilâ€™ I reach) 
You do somethinâ€™ 
The chills runninâ€™ 
I feel somethinâ€™ 
Iâ€™m still runninâ€™

Official Video by G-DRAGON from ""Ãœbermensch"" Â© 2025 Galaxy Corporation / EMPIRE",,22
Inter Miami vs. Sporting Kansas City Highlights | CONCACAF Champions Cup | FOX Soccer,"Check out the best moments from this CONCACAF Champions Cup match between Inter Miami and Sporting KC.

#FOXSoccer #MLS #InterMiami

SUBSCRIBE to get the latest FOX Soccer content: http://foxs.pt/SubscribeFOXSOCCER

The FOX Sports App, built for the modern sports fan: https://t.co/CRhWt4ryp3

About FOX Soccer:
With exclusive highlights, original programming, and behind the scenes footage, FOX Soccerâ€™s YouTube channel provides the sports content that fans are hungry for. FOX Soccer presents: MLS, FIFA World Cup, FIFA Womenâ€™s World Cup, Copa America, Euros, Gold Cup and many more.

Inter Miami vs. Sporting Kansas City Highlights | CONCACAF Champions Cup | FOX Soccer
https://youtu.be/sd8WHKQZ60I

FOX Soccer
https://www.youtube.com/user/Foxsoccer","Inter Miami, Sporting KC, MLS, Lionel Messi, 2025 MLS Season, Major League Soccer, MLS talk, MLS news, MLS debate, sports, sports talk, sports news, sports debate, soccer, soccer talk, soccer news, soccer debate, soccer on fox, fox, fox sports, fox sports 1, fs1, fox youtube, MLS on Fox, CONCACAF Champions Cup, highlights, soccer highlights, sports highlights, fox sports highlights",17
The Warriors Just Became the NBAâ€™s Worst Nightmare,"Get your *OFFICIAL* Hoop Reports ""SHEEEESH"" merchandise here: https://hoop-reports.myspreadshop.com/all

STEPH CURRY's MASTERCLASS
â–¶â–¶â–¶ Wanna Learn How To Get Deep 3 Range And Play Like STEPHEN CURRY?â—€â—€â—€
Click Here â” https://bit.ly/2Ouog07
Note: The above link is an affiliate link. It won't cost you anything extra but I'll receive a small portion of the commissions. Thanks in advanced =D

Thanks for checking out Hoop Reports, where we have all the latest up to date news on the NBA. Whether or not a NBA big trade is coming up or a NBA rumor is lurking on espn first take and undisputed, we'll be at the front of it giving you the latest NBA news today.

Subscribe to the channel here: https://www.youtube.com/c/HoopReports

#warriors #stephencurry #jimmybutler","nba, nba news, nba today, nba trades, nba trade, nba trade rumors, nba rumors, undisputed, first take, espn, nba draft, jimmy butler, steph curry, warriors, golden state warriors, jimmy butler warriors, jimmy butler highlights, steph curry highlights, warriors highlights, golden state warriors highlights, jimmy butler trade, stephen curry, stephen curry highlights",17
G-DRAGON - DRAMA (Official Video),"Listen to the Album â€œÃœbermensch"". OUT NOW!
ğŸ¼ Stream: https://music.empi.re/gdum

#GDRAGON  #Ãœbermensch  #GalaxyCorporation

When every sceneâ€™s rolling in good
Why you acting like itâ€™s so bad
There is nothing left to see right so Iâ€™d
Paint all over this pain-full of black

Seems like you like to start an argument
Win or lose, Just for the hell of it

â€œä½ æ€»æ˜¯é—®æˆ‘çˆ±ä½ ï¼Œçˆ±å¾—æœ‰å¤šæ·±â€œ

You never like it when itâ€™s nice
â€˜Drama queenâ€™ got it from her mama
Rather hang up to pick a fight
What goes around here comes the karma
Baby itâ€™s cold outside, Iâ€™ll make you warm
Burn, Burn,      this love
â€˜The Endâ€™ begins for us be nice
I bet you like it, Bet you like this

Iâ€™ve lost an angel, Falling in love
Blessing the curse that we are born with and
I gave it all that I could but
How dare you be so cold and heartless

Letâ€™s take a bow â€œ     â€
Iâ€™m out the door â€œYou want more?â€
Go play the role(lol) alone

â€œã‚ã‹ã‚‰ãªã„ã€æ„å‘³ã‚‚ãªã„ã—ã€‚ä½•æ•…ï¼Ÿ å›ã¯â€¦â€

You never like it when itâ€™s nice
â€˜Drama queenâ€™ got it from her mama
Rather hang up to pick a fight
What goes around here comes the karma
Baby itâ€™s cold outside, Iâ€™ll make you warm
Burn, Burn,      this love
â€˜The Endâ€™ begins for us be nice
I bet you like it, Bet you like this

I donâ€™t know why canâ€™t we be drama free
More than just a minute I keep asking myself, What the hell am I doing in thisâ€¦?
â€˜ê·¹â€™ì— ë‹¬í•œ â€˜í¬ë¹„â€™ê°€ ê°ˆë§ˆë“œëŠ” â€˜ë“œë¼ë§ˆâ€™

You never like it when itâ€™s nice
â€˜Drama queenâ€™ got it from her mama
Rather hang up to pick a fight
What goes around here comes the karma
Baby itâ€™s cold outside, Iâ€™ll make you warm
Burn, Burn,      this love
â€˜The Endâ€™ begins for us be nice
I bet you like it,    you like a   â€¦..

You never like it when itâ€™s nice
â€˜Drama queenâ€™ got it from her mama
Baby itâ€™s cold outside
Burn, Burn,      this love
You never like it when itâ€™s nice

Official Video by G-DRAGON  from ""Ãœbermensch"" Â© 2025 Galaxy Corporation / EMPIRE",,22
I Went UNDERCOVER In SypherPK's Season 2 Hide & Seek!,"âœ… BE SURE TO LIKE, SUBSCRIBE, AND TURN ON NOTIFICATIONS!!!

ğŸ¥ MY REACTS CHANNEL:  https://www.youtube.com/@CouRageReacts 
ğŸ¥ MY LIVESTREAM CHANNEL:  https://www.youtube.com/@CouRageJD

ğŸ‘Š Fortnite Creator Code: CouRageJD
ğŸ‘Š CoD Creator Code: COURAGE

ğŸ“² FOLLOW MY OTHER SOCIAL MEDIAS:
ğŸ¦ https://Twitter.com/CouRageJD
ğŸ“· https://Instagram.com/CouRageJD
ğŸ“˜ https://Facebook.com/CouRageJD

Join The CouRagous Discord: https://discord.com/invite/CouRageJD

âŒ¨ï¸ Edited by Abby & Swpah. Follow them here:
https://x.com/AbbyTheMS
https://x.com/Swpah

âŒ¨ï¸ Thumbnail By Zas. Follow him here:
https://x.com/DesignsOfZas

ğŸ® SCUF â€“ Play like CouRage and use code â€œCouRageJDâ€ for a discount on all SCUFs for PS5, XBOX and PC here: https://scuf.co/CouRageJD

ğŸ–±ï¸ CORSAIR â€“ Grab the keyboard, mouse, and headset CouRage uses from CORSAIR:  https://cor.sr/CourageJD

ğŸ”´ ELGATO â€“ CouRage uses Elgato products to stream. See his setup and products here:  https://e.lga.to/Courage

Iâ€™m officially an investor in Backbone! This will change mobile gaming forever. Check it out here: - https://playbackbone.com/courage/",,20
John Oliver: The 60 Minutes Interview,"John Oliver has been unleashing his searing, satirical take on the U.S., his adopted homeland, for years. The comedian plans to continue for ""as long as America has systemic problems.""

""60 Minutes"" is the most successful television broadcast in history. Offering hard-hitting investigative reports, interviews, feature segments and profiles of people in the news, the broadcast began in 1968 and is still a hit, over 50 seasons later, regularly making Nielsen's Top 10.

Subscribe to the â€œ60 Minutesâ€ YouTube channel: http://bit.ly/1S7CLRu
Watch full episodes: http://cbsn.ws/1Qkjo1F
Get more â€œ60 Minutesâ€ from â€œ60 Minutes: Overtimeâ€: http://cbsn.ws/1KG3sdr
Follow â€œ60 Minutesâ€ on Instagram: http://bit.ly/23Xv8Ry
Like â€œ60 Minutesâ€ on Facebook: http://on.fb.me/1Xb1Dao
Follow â€œ60 Minutesâ€ on Twitter: http://bit.ly/1KxUsqX
Subscribe to our newsletter: http://cbsn.ws/1RqHw7T
Download the CBS News app: http://cbsn.ws/1Xb1WC8
Try Paramount+ free: https://bit.ly/2OiW1kZ

For video licensing inquiries, contact: licensing@veritone.com","60 Minutes, CBS News, John Oliver, comedy",25
I built and toppled STEM in dominoes!,"Here's a detailed behind the scenes on how I built science, technology, engineering, and mathematics (STEM) in dominoes! Lots of tests, measuring, and problem solving was required to get it to all work perfectly!ğŸŒŸ BUY DOMINOES: https://shop.hevesh5.com/buydominoes (â€œH5 Domino Creationsâ€ is my own brand of precision-engineered dominoes & accessories, which I designed specifically for toppling)

ğŸŒŸ Metallic H5 Domino Creations: https://hevesh5.com/buydominoes-disney-amazon-us

ğŸ¥ Final Video: https://www.youtube.com/watch?v=rUxOdtZals0

Hey! I'm Lily/Hevesh5 and I want to welcome you to the #H5dominocommunity! This is a channel dedicated to the most enthusiastic domino fans around the world. It is a place where the inner domino community can connect, make friends with other builders, and share their passion for dominoes together! Be sure to subscribe for new videos every week! :) http://bit.ly/jointheH5DC

ğŸ’œ Love dominoes? Visit the H5 Domino Community Hub to get involved and connect with other builders! https://hevesh5.com/community

âœ‰ Sign up for my exclusive monthly H5 Domino Community Newsletter and be the first to know about breaking news in the domino world! http://hevesh5.com/newsletter

ğŸ‘• MERCH: http://hevesh5.com/store (signed dominoes, H5 shirts, posters & more!)

FOLLOW ME ON SOCIAL MEDIA!
ğŸ”¹INSTAGRAM: http://instagram.com/Hevesh5
ğŸ”¹TWITTER: http://twitter.com/Hevesh5
ğŸ”¹FACEBOOK: http://facebook.com/Hevesh5
ğŸ”¹TIKTOK: https://tiktok.com/@Hevesh5

SUBSCRIBE TO MY OTHER CHANNELS!
ğŸ”¸Hevesh5 (main channel): http://YouTube.com/Hevesh5
ğŸ”¸BehindThe5 (personal channel): https://YouTube.com/BehindThe5

ğŸ“§ For fan mail and other questions: H5dominocommunity@gmail.com
ğŸ“§ For business inquiries only please: info@hevesh5.com

ğŸµ MUSIC: 

Music from Uppbeat (free for Creators!): https://share.uppbeat.io/hevesh5","domino, h5 domino community, h5dominocommunity, dominoes, the domino community, hevesh5, #h5dominocommunity, lily hevesh, hevesh5extras, domino art, domino artist, dominoes falling, h5 domino creations, domino community, h5, h5 dominoes, domino tutorial, stem, stem in dominoes, i built and toppled stem in dominoes, domino rocket, steam, domino planet, educational, stem domino falldown, science, technology, engineering, mathematics, art",24
"NRL Match Highlights 2025 | Broncos v Bulldogs | Pre-Season, Week 3","The Brisbane Broncos and the Canterbury-Bankstown Bulldogs face off in Week 3 of the 2025 Witzer Pre-Season Challenge

ğŸ‰ SUBSCRIBE FOR MORE NRL ACTION ğŸ‰
https://www.youtube.com/channel/UC33-OkQ6VCYk8xtml8Pk4-g?sub_confirmation=1

ğŸ‰ Subscribe to the official NRLW Channel ğŸ‰https://www.youtube.com/channel/UCME0EifJ3Xm3mGmLdBz1Kyw?sub_confirmation=1

To keep up to date with all the latest NRL content head to:
NRL Watch: https://www.nrl.com/watch/
NRL Tickets: https://tickets.nrl.com/
NRL Draw: https://www.nrl.com/draw/","NRL, National Rugby League, Games, Matches, Highlights, Rugby, Telstra Premiership, Fox Sports, State of Origin, Nine, NRL Highlights, NRL Game Highlights, Rugby League Highlights, Rugby League, NRL Full Match, NRL Live, Watch NRL, NRL Match Highlights, Rugby league highlights, NRL 2023, NRL 2025 highlights, NRL scores, nrl schedule, nrl draw, NRLW, NRL Women's, nrl women's highlights, NRL pre-season, NRL trials, NRL25, NRL 2025, State of Origin Highlight, Origin 2025",17
I REBUILT A RANGE ROVER SVR THEN DROVE TO THE SAHARA DESERT,"To grab a Yfood taster pack with 10% exclusive discount click here USE CODE ""MAT-YOUTUBE""  https://bit.ly/MatArmstrong_yfood_TasterPack

FOR THE CHANCE TO WIN MY RANGE ROVER SVR CLICK HERE - https://www.highspeedcomps.com/competition/win-mat-armstrongs-range-rover-svr-10000/

I bought a cheap 2021 Range Rover SVR from a salvage auction and attempted to rebuild it in 7 days. But on the final day the engine failed leaving it with a hole in the block. Now ive got to work out how im going to fix it before attempting to drive it to the middle of the Sahara Desert.

â¬‡ï¸ Whatsapp WheelMania for Alloy or Alloy repairs â¬‡ï¸
https://wa.me/447786888844 

ğŸ”¥ LEARN HOW TO WELD WITH THE MACHINE SHOP ğŸ”¥ https://the-machine-shop.co.uk/

ğŸ‘‡ FOR MORE CONTENT CHECK OUT MY SECOND CHANNEL ğŸ‘‡
https://www.youtube.com/@matarmstrongmk2

â¬‡ï¸ ALL NEW HWBT MERCHANDISE â¬‡ï¸
https://hwbt.shop/

â¬‡ï¸ Follow Me Here Aswell â¬‡ï¸
https://facebook.com/matarmstrongbmx
https://instagram.com/matarmstrongbmx","range rover, land rover, range rover sport, range rover svr, mat armstrong, matt armstrong, range rover sport 2024, land rover defender, mat armstrong new video, matt armstrong new video, sahara desert, morocco, africa, roadtrip",2
I Tested Viral TikTok Food (USA Edition),"Here's my link for 50% off 12 months Yazio PRO! - https://yazio.me/calfreezy

ğŸ””: Subscribe & click that notification bell so you don't miss anything!

ğŸ“±: Follow me on my socials so you don't miss anything!:
       â–º Instagram - http://www.instagram.com/Calfreezy
       â–º Twitter - http://twitter.com/Calfreezy
       â–º Twitch - http://www.twitch.tv/Calfreezy
       â–º Tik Tok - @Calfreezy

ğŸ’»: Join my Discord! 
       â–º https://discord.gg/sHmpz7D","Soccer, Football, Calfreezy, Rebel, Rebel FC, London, England, How to, Footy, Tekkers, YouTuber, Challenge, Soccer Skills, Football Skill, Trick Shots, Soccer Fails, Football Fails, Tricks, Freestyle Football, funny, comedy, friends, vlog, vlogging, freezy",24
TEKKEN 8 â€“ Anna Williams Gameplay Trailer,"Beautiful, deadly, and back with a vengeance.
Anna Williams, the Scarlet Lightning, will make you see red in #TEKKEN8!

Follow Bandai Namco Entertainment: 
X (Twitter): https://twitter.com/BandaiNamcoUS 
TikTok: https://www.tiktok.com/@bandainamcous
Instagram: https://www.instagram.com/bandainamcous
Facebook: https://www.facebook.com/BandaiNamcoUS
Twitch: http://www.twitch.tv/bandainamcous","Bandai Namco, Bandai Namco Entertainment, video games, namco bandai, PS5, PS4, Xbox Series X, anime games, playstation, xbox, pc games, tekken, tekken 8, anna, tekken anna, anna williams, anna williams tekken, tekken 8 dlc, tekken 8 season 2",20
Gex Trilogy - Angry Video Game Nerd (AVGN),"Go to https://expressvpn.com/cinemassacre and find out how you can get 4 months of ExpressVPN free!

In Angry Video Game Nerd episode 222, The Nerd is looking at the only video game mascot series starring a gecko! Originally 3DO's answer to Mario and Sonic, Gex would go on to spawn two sequels with Enter the Gecko and Deep Under Cover. Do the Gex games hold up as platforming classics or are they simply petrified gecko crap?

Directed and Written by James Rolfe
https://twitter.com/cinemassacre
https://www.instagram.com/cinemassacre

Edited by Sean O'Rourke
https://youtube.com/moviedumpster
https://twitter.com/orourkejsean

Gameplay by Sean, James, and Mike

Get Cinemassacre shirts, games, and Blu-rays on RETROWARE:
https://swm.to/3hOzDyE

OR get our merch on AMAZON:
My Autobiography: https://amzn.to/3GqSw58
My Audiobook voiced by myself: https://swm.to/3uSOgUT
(Also Available on iTunes)
Nintendo Switch AVGN Game: https://amzn.to/3XarsNc
PlayStation 4 AVGN Game: https://amzn.to/3TJYmBE
AVGN BFG Collection: https://amzn.to/3U0RyzL
AVGN The Movie Blu-ray: https://amzn.to/3tC8CBl
Board James Complete Blu-ray: https://amzn.to/3V8A5WH
AVGN X Blu-ray Collection: https://amzn.to/3tKuzxP

For everything else Cinemassacre:
https://cinemassacre.com/

#gex #gexenterthegecko #angryvideogamenerd #avgn","james rolfe, cinemassacre",20
1 dead in equipment collapse,"1 dead in equipment collapse

Stay informed about South Dakota news, weather, and sports Follow KELOLAND News on our website and social channels:

https://www.keloland.com/
https://www.youtube.com/user/kelolandnews
https://www.facebook.com/keloland/
https://twitter.com/keloland
https://www.instagram.com/keloland/",news,25
The Most Intimidating Pitchers in Baseball History,"Use code 50BASEBALLDOESNT to get 50% OFF plus free shipping on your first Factor box at https://bit.ly/40q05RS!

Like and Subscribe
Podcast: https://beacons.ai/baseballisdeadpod
Twitter: @Baseballdoesnt 
Instagram: @baseballdoesntexist
Tik Tok: @bbldoesntexist
Email: Baseballdoesnt@gmail.com
Edited By: Aidan.",,17
"BeyoncÃ© - Chapter 02 ""POOL HALL"" LEVIIS JEANS",REIIMAGINED @LEVIS,,10
BREAKING DOWN MY DIGITAL FOOTPRINT,yâ€™all BEEN wanting answers soâ€¦.here you go!,,24
My Lowest Round of the Year.,"Takomo:
https://takomogolf.com/?utm_source=granthorvat&utm_medium=ambassador

Want a Putter? Use code GRANT10 
https://labgolf.com

Second Channel!
https://youtube.com/@granthorvatgolfstwo

Want Golf Clothes? Use My Code (Grant15) for a Discount!
http://Primogolfapparel.com/granthorvat

Get Your Taylormade Equipment Here!
https://tmgolf.co/GrantHorvat

My Olukai Shoes:
Use Code GRANT for free shipping! 
https://bit.ly/3S5IDhh

My Socials:
https://instagram.com/granthorvat/
https://snapchat.com/t/aiZZDQhV

My Editor:
https://www.instagram.com/skybmcclain/

Book a Cameo:
https://www.cameo.com/granthorvat
Takomo:
https://takomogolf.com/?utm_source=granthorvat&utm_medium=ambassador

Want a Putter? Use code GRANT10 
https://labgolf.com

Second Channel!
https://youtube.com/@granthorvatgolfstwo

Want Golf Clothes? Use My Code (Grant15) for a Discount!
http://Primogolfapparel.com/granthorvat

Get Your Taylormade Equipment Here!
https://tmgolf.co/GrantHorvat

My Olukai Shoes:
Use Code GRANT for free shipping! 
https://bit.ly/3S5IDhh

My Socials:
https://instagram.com/granthorvat/
https://snapchat.com/t/aiZZDQhV

My Editor:
https://www.instagram.com/skybmcclain/

Book a Cameo:
https://www.cameo.com/granthorvat",,22
Massive Crowds Show For Bernie Sanders In Trump States,"Senator Bernie Sanders is helping to organize massive crowds in Republican-controlled districts. Here's why he's doing it.

===

Visit the Merch store: http://TheRationalNational.com/merch 

Support the show at http://TheRationalNational.com/Join
Donate Directly at http://PayPal.me/daviddoel
Tip atÂ https://streamlabs.com/therationalnational/tip
â€˜Joinâ€™ on YouTube: https://www.youtube.com/channel/UCo9oQdIk1MfcnzypG3UnURA/join

Follow David Doel at http://twitter.com/DavidDoel
Follow The Rational National at http://twitter.com/TRNshow
Follow on Twitch at http://twitch.tv/TheRationalNational
Follow on Facebook: https://facebook.com/trnshow

===

Sources:
https://tinyurl.com/56nfw26s (Bernie Sanders 2020 individual donors map)
https://tinyurl.com/5n78388p (Trump has tapped an unprecedented 13 billionaires for his administration, ABC News)
https://tinyurl.com/5fxn82wm (Harry Enten on CNN)
https://tinyurl.com/ys4c52z8 (Trumpâ€™s Billionaire Cabinet Represents the Top 0.0001%, Public Citizen)
https://tinyurl.com/3nv6k2y6 (Bernie Sanders 'Fighting Oligarchy' tour)
https://tinyurl.com/ymt69kze (Huge crowds show for Bernie Sanders)
https://tinyurl.com/47andsuh (Faiz Shakir more pictures of crowds)
https://tinyurl.com/4j953vhu (video of Bernie Sanders walking out)
https://tinyurl.com/4mrub9py (Trump Is Already Planning Colossal Tax Giveaways to Corporations and Billionaires, In These Times)
https://tinyurl.com/23cdaxah (Charles Kochâ€™s network launches $20m campaign backing Trump tax breaks, The Guardian)
https://www.youtube.com/live/dRonB7Gsk9M?si=quISlhOdatF06_JS (full speech)",,25
Starship | Seventh Flight Test,"The first Starship flight test of 2025 flew with ambitious goals: seeking to repeat our previous success of launching and catching the worldâ€™s most powerful launch vehicle while putting a redesigned and upgraded Starship through a rigorous set of flight demonstrations.

It served as a reminder that development testing, by definition, can be unpredictable.

On its seventh flight test, Starship successfully lifted off from Starbase in Texas at 4:37 p.m. CT on Thursday, January 16. For the second time ever, the Super Heavy booster returned to the launch site and was caught by the tower. But before Starship could reach space, a fire developed in the aft section leading to a rapid unscheduled disassembly.

As always, success comes from what we learned, and this flight test will help us improve Starshipâ€™s reliability as SpaceX seeks to make life multiplanetary.",,28
Minecraft but I discover the AXES of PVP CIVILIZATION,"Minecraft but I discover the AXES of PVP CIVILIZATION...the second CRAZY episode of PVP CIVLIZATION CHAPTER 2.....

Voice Actors: Evbo, Teddy, @seawattgaming , @PrinceZam , @wemmbumc , @TabiMC , @ClownPierce , @Hannahxxrose , https://www.twitch.tv/toph033

Follow me on Twitch, Twitter, and Tiktok!
Tiktok: @evboshorts
Twitter: twitter.com/evboyt
Twitch: https://www.twitch.tv/evboliveâ€‹â€‹â€‹â€‹â€‹â€‹â€‹â€‹â€‹

Music/FX:
""Hit the Streets, Rynos Theme, Floating Cities, Leaving Home, Industrial Cinematic, Crypto, Ghostpocalypse - 2 The Call, Ghostpocalypse 3 Road of Trials""
Kevin MacLeod (incompetech.com)
Licensed under Creative Commons: By Attribution 4.0
#minecraft",,20
Hearts2Hearts í•˜ì¸ íˆ¬í•˜ì¸  'The Chase' MV,"Hearts2Hearts' debut single ""The Chase"" is out!
Listen and download on your favorite plarform: https://Hearts2Hearts.lnk.to/TheChase

[Tracklist] 
01 The Chase
02 Butterflies

Subscribe to Hearts2Hearts Official YouTube Channel!
https://www.youtube.com/@hearts2hearts.official?sub_confirmation=1

Hearts2Hearts Official
https://www.youtube.com/@hearts2hearts.official
https://twitter.com/Hearts2Hearts
https://www.instagram.com/hearts2hearts/
https://www.tiktok.com/@hearts2hearts
https://www.facebook.com/hearts2heartsH2H
https://weibo.com/u/7971304015

#Hearts2Hearts #í•˜ì¸ íˆ¬í•˜ì¸  #H2H 
#TheChase #Hearts2Hearts_TheChase
Hearts2Hearts í•˜ì¸ íˆ¬í•˜ì¸  'The Chase' MV â„— SM Entertainment","ì‹ ì¸, SM, debut, ë°ë·”, Hearts2Hearts, í•˜ì¸ íˆ¬í•˜ì¸ , ê±¸ê·¸ë£¹, new girl group, girl group, ì¹´ë¥´ë©˜, carmen, ì§€ìš°, jiwoo, ìœ í•˜, yuha, ìŠ¤í…”ë¼, stella, ì£¼ì€, juun, ì—ì´ë‚˜, a-na, ì´ì•ˆ, ian, ì˜ˆì˜¨, ye-on, The Chase, ë” ì²´ì´ìŠ¤, MV, ë®¤ë¹„, ë®¤ì§ ë¹„ë””ì˜¤",10
HIT 3 Teaser : Sarkaar's Laathi | Nani | Sailesh Kolanu | Srinidhi Shetty | in Cinemas May 1st,"Watch #HIT3Teaser : Sarkaar's Laathi on Wall Poster Cinema 

Taking charge worldwide from 01-May-2025.

Cast & Crew Details

Starring 'Natural Star' as 'Arjun Sarkaar'.
Writer & Director : Dr. Sailesh Kolanu
Producer : Prashanti Tipirneni
Banners : Wall Poster Cinema & Unanimous Productions
Music : Mickey J Meyer
Cinematography : Sanu John Varghese
Editor : Karthika Srinivas R
Production Designer : Sri Nagendra Tangala
Executive Producer : S Venkatratnam (Venkat)
Sound design : Sync Cinema
PRO : Vamsi Shekar
Marketing : First Show
Publicity Designs : Aesthetic Kunjamma

HIT: The 3rd Case 

HUNTER'S COMMAND :- https://youtu.be/PT0lYT4O9tQ
Ready boys? :- https://youtu.be/1qxvcgBpj-o","Hit 3, Nani 32, Wallposter Cinemas, HIT: The 3rd Case, HIT 3 Teaser, HIT 3 Teaser : Sarkaar's Laathi, Natural Star Nani, hit 3 movie teaser, nani hit 3 teaser, hit 3 nani teaser, hit 3 movie, hit 3 release date, hit 3 update, hit 3 trailer, hit 2 teaser, hit 3 nani, hit 2 movie teaser, aashiqui 3 teaser, drishyam 3 teaser, hit 3 first look teaser, hit official teaser, hit3 teaser, hit 3 official teaser | nani, hit the third case teaser, hit 3 movie update, nani hit 3",1
"Trump reportedly plans to take control of USPS, dismiss board",The plan as reported would dissolve the USPS board of directors by executive order and move control of the service under the Department of Commerce.,"Richmond, Virginia",25
"Squid Games, But I Feel REAL Pain!","Watch More Drew Dirksen:
Most Popular: https://www.youtube.com/watch?v=6MbAlUUO2Ek&list=PLotc2XcImsZOPtVQjHLA-kZ88Kh3aeRG7

Subscribe: https://tinyurl.com/2hx9y473 | Make sure to enable ALL push notifications! 
Watch the latest videos: https://tinyurl.com/5bxry9pe 

*FOLLOW ME ON MY OTHER SOCIALS!*
TIKTOK (@DrewDirksen) https://vm.tiktok.com/XmJH4N/
INSTAGRAM (@DrewDirksen) â–º https://www.instagram.com/drewdirksen
FACEBOOK: https://www.facebook.com/DrewDirksenOfficial

FOLLOW MY FRIENDS!!
Capron Funk:
https://www.youtube.com/channel/UCSqEMt26wLsKC6K_wTyr9Cw
Corey Funk:
https://www.youtube.com/user/iamcoreyfunk
BrittHertz:
https://www.youtube.com/channel/UCQ8OG9xwI9PqGD2MmSeOpVQ
Billy Mann:
https://www.youtube.com/channel/UCjWNRKoXDaD5XaJSKMZ6guA
Kacey Dirksen (Sister) :
https://www.youtube.com/channel/UCV17e-wyxjzZEzRxH8j1rdQ
Rydel Lynch:
https://www.youtube.com/channel/UCzxWtRVuke4GnD6JWQ72U4A
Drage kamerman:
https://www.youtube.com/channel/UCmvSmzKYTFc_TdwVDxQA3Hg
Nick Moore:
https://www.youtube.com/user/NickScoped

About Drew Dirksen: Hey guys, welcome to my channel! Here you can find challenge videos, collabs, pranks on my friends, â€¦. AND MORE! Make sure to subscribe and click the bell so you never miss a new video.

Always take the High Road!

#DrewDirksen","drew, dirksen, drew dirksen, drew dirksen youtube, youtube drew dirksen, drew dirksen tiktok, tiktok drew dirksen, tik tok drew dirksen, drew dirksen tik tok, squid games, squid games irl, squid games real life, real life squid games, video games with real pain, haptic suit with real pain",22
The RTX 50 Disaster,"Sponsor: Thermal Grizzly Duronaut on Amazon - https://geni.us/tpgcPMw
NVIDIA's RTX 50 series GPUs in the Blackwell family now represent the worst GPU launch we have covered in our history of GPU reviews at GN. It was briefly tied with past AMD and NVIDIA launches for the worst, but now, with the missing ROPs in addition to 12VHPWR issues, fake pricing, a paper launch, unannounced loss of PhysX 32-bit support, driver issues in some scenarios, and more, we crown the RTX 5090, 5080, and 5070 Ti launches as being part of the worst we've seen. Congratulations, NVIDIA.

Use our coupon code for 10% off anything on our store while it's active and support us at the same time! Code ""ABOUTFKNTIME"" at checkout! The best way to support our work is through our store: https://store.gamersnexus.net/

Watch something actually exciting about the industry - fan testing! https://www.youtube.com/watch?v=JQtyxRtsqvA
Watch our Fake Prices video: https://www.youtube.com/watch?v=8s4hxa2TjWY
PAPER LAUNCH: https://www.youtube.com/watch?v=wMd2WHKnceI
Watch our review of the RTX 5070 Ti: https://www.youtube.com/watch?v=PhtVic3Vm0Y

Like our content? Please consider becoming our Patron to support us: http://www.patreon.com/gamersnexus

TIMESTAMPS

00:00 - The Worst GPU Launch
04:37 - NVIDIA's Response
07:10 - How This Might Have Happened (Speculation)
12:31 - Rant: DISASTROUS LAUNCH
18:36 - Our Theory's Problems: RTX 5080 Isn't Immune
19:51 - Conclusion: AMD's Opportunity

** Please like, comment, and subscribe for more! **

Links to Amazon and Newegg are typically monetized on our channel (affiliate links) and may return a commission of sales to us from the retailer. This is unrelated to the product manufacturer. Any advertisements or sponsorships are disclosed within the video (""this video is brought to you by"") and above the fold in the description. We do not ever produce paid content or ""sponsored content"" (meaning that the content is our idea and is not funded externally aside from whatever ad placement is in the beginning) and we do not ever charge manufacturers for coverage.

Follow us in these locations for more gaming and hardware updates:

t: http://www.twitter.com/gamersnexus
f: http://www.facebook.com/gamersnexus
w: http://www.gamersnexus.net/

Our policies, processes, and ethics statements relating to review samples, advertising, travel, errors, and more are transparently and publicly available on this page: https://gamers.nexus/ethics-statements

Steve Burke: Writing, Host
Vitalii Makhnovets: Editing","gamersnexus, gamers nexus, computer hardware, worst gpu launch, nvidia rtx 5080 rops, nvidia rtx 5070 ti rops, nvidia rtx 5090 rops, nvidia rtx 50 rops, nvidia blackwell, nvidia rtx 50 disaster, nvidia paper launch, nvidia prices, nvidia rtx 5090, nvidia rtx 5080, nvidia rtx 5070 ti",20
Trinidad Killa â€”Â ESKIMO (Feat. Nicki Minaj) [Official Audio],"Official Lyrics

Trini Where?
Trini Trini Trini where?
Trini eyes Trini nose
Trini hair
I'z the only muddacunt
Trini here

Ayo he want his name in the snow
So I write it down
I make these bitches lift up
I don't fight them down
When he see me he be getting so excited now
Heard the killa want the queen
I should knight him now

Alive
Good morning
We nice
Yuh know this
The vibe
The feeling
Alive

Yuh know I out in the cold
Miss the sun when it snow
And I cyah fight the feeling
And I wish I could be dey for yuh
When yuh out on the road
I write yuh name in the snow
Now I missing the feeling
And I wish I could be dey with yuh

Now I feeling lonely
Cause I miss all the zess and the parties
Cause all that I have is the memories
Now I feeling lonely
Only vibes, only fun in the party
Big up you and yuh friend, everybody

Ayo, she my inferior, motives ulterior
These bitches bad but I
am a bit scarier
Eskimo coupe
that's the white on white
interior
Im in your area- eating
no cafeteria
You love me? Lemme hear
Red ruby cherry hair
Dem trini real nice
Dem man does really stare
Bitches be talking bout they Trini
Be like Trini where?
I'z the only muddacunt
Trini here

I know you wanna hit it
Come touch it for a
minute
St. James, Port of Spain If you really with it I miss you bad tho
When you coming back
home?
Waist on skinny but that
Ass on fatso

Big up the people whoâ€™s fight for we
Down dey
Down dey
To keep the music playing
To keep the music rotating
Big up the people whoâ€™s fight for we
And yuh know the gyal them love we
So keep the music playing

Yuh know I out in the cold
And I feeling alone
And I cyah fight the feeling
And I wish I could be dey for yuh
When yuh out on the road
I write yuh name in the snow
Now I missing the feeling
And I wish I could be dey with yuh

Now I feeling lonely
Cause I miss all the zess and the parties
Cause all that I have is the memories
Now I feeling lonely
Only vibes, only fun in the party
Big up you and yuh friend, everybody


2025 Â© Tyrpp RecordsÂ®","Trinidad Killa, Music, 2025, Soca, HipHop",10
Chris Harris on Cars: Raw road test of the sensational Ferrari 12 Cilindri,"If someone says 'do you fancy a go in a 12 Cilindri?', you say YES! I cannot tell you how much fun these few hours were. Thank you Rafa.",,2
COME BACK (Studio Box Ep),Bucky x Saii Kay x Nate Nakikus x Jarahn,,10
IS THIS THE BEST BRAWLER EVER?!,"IMPROVED REWARDS FOR F2P, A FULL RANKED REWORK, TWO NEW BRAWLERS, GADGET CHANGES, AND MORE!
YOUTOOZ PRE-ORDER: https://youtooz.com/collections/brawl-stars
FREE SPRAY: https://link.brawlstars.com/?action=voucher&code=974a1b0f-b2f7-45c5-978e-bdade83062a1

Download NOW!! â–ºâ–º https://supr.cl/2K62CZG
Subscribe!! â–ºâ–º https://supr.cl/subscribe
#brawlstars #brawltalk #update","brawl stars, mobile game, mobile strategy game, mobile rpg, mobile battle royale, battle royale, supercell game, brawl talk, new update, finx, lumi, new brawler, ranked",20
"BREAKING NEWS: Trump, Macron Take Multiple Questions From The Press During Oval Office Meeting","President Trump and French President Emmanuel Macron take questions from the press in the Oval Office.

Fuel your success with Forbes. Gain unlimited access to premium journalism, including breaking news, groundbreaking in-depth reported stories, daily digests and more. Plus, members get a front-row seat at members-only events with leading thinkers and doers, access to premium video that can help you get ahead, an ad-light experience, early access to select products including NFT drops and more:

https://account.forbes.com/membership/?utm_source=youtube&utm_medium=display&utm_campaign=growth_non-sub_paid_subscribe_ytdescript


Stay Connected
Forbes on Facebook: http://fb.com/forbes
Forbes Video on Twitter: http://www.twitter.com/forbes
Forbes Video on Instagram: http://instagram.com/forbes
More From Forbes:  http://forbes.com",,25
every dorm room is a different OCCULT in the sims 4 | Part 2,"head to https://squarespace.com/carynandconnie to save 10% off your first purchase of a website or domain using CARYNANDCONNIE

we tried to build a sorority house with a twist! every room has a random occult that is chosen by the wheel. will it take pity on us and give us a plant sim? youâ€™ll have to wait and see!

Gallery ID: CarynandConnie
Mods: Twisted Mexi's ""T.O.O.L Mod"" and ""Better BuildBuy""

some editing done by (the amazing) Tyler! go check him out: https://www.twitch.tv/nottheduke
--------------------------------------------------------------
hey. you. yeah you. CHECK OUT OUR OTHER STUFF!
â€¢ Twitch - https://www.twitch.tv/carynandconnie
â€¢ Discord - Discord - https://discord.gg/PNq5wNGwJC
â€¢ Twitter - https://twitter.com/carynandconnie 
â€¢ Instagram - https://www.instagram.com/carynandcon...
â€¢ TikTok - https://www.tiktok.com/@carynandconnie
â€¢ Other YouTube Channel - https://www.youtube.com/c/CarynandConnie
â€¢ LinkTree - linktr.ee/carynandconnie
--------------------------------------------------------------
BUSINESS INQUIRES: candc@night.co

MUSIC
We Shop Song - Philip Milman
Morning Stroll: Josh Kirsch/Media Right Productions
Hep Cats by Kevin MacLeod is licensed under a Creative Commons Attribution 4.0 license. https://creativecommons.org/licenses/by/4.0/
Source: http://incompetech.com/music/royalty-free/index.html?isrc=USUAN1500022

Artist: http://incompetech.com/","the sims, ts4, sims build challenge, sims 4 challenge, sims challenge, challenge, sims 4, carynandconnie, Caryn and connie, family friendly, build challenge, house building, sims 4 build, the sims 4, how to build, sims hacks, sims tips, sims cheats, speed build, speedbuilding, aesthetics, random room sims, different room sims, sims family home, home decor, aesthetic design, witch, vampire, werewolf, mermaid, alien, plant sim, ghost, sims occult, every room different, spellcaster",20
Sleeping in the Most Dangerous Beds in the World,"I got a little bit bored so I decided to sleep in some of the most extreme beds around the world. One is a capsule hotel on the side of a cliff, another is the deepest bed in the world, and even one on the slide of the cliff lol

New Merch https://socks.store

SUBSCRIBE 
----------------------------------------------------------------
follow me or I will eat your toes

Instagram â†’ https://bit.ly/2MRg4WP
Twitter â†’ https://bit.ly/2MrebAu
Reddit â†’ https://bit.ly/3apoz3C
Discord  â†’ https://discord.gg/socks 
Snapchat â†’ https://bit.ly/48iD46w

----------------------------------------------------------------

Business business?
socks@night.co

Work with me!
https://socksfor1.com

Music â†’â€‹ (Kevin MacLeod) (Epidemic)","Socks, Socksfor1, Hotels, airbnb, overnight in the world's most dangerous bed, 24 hours, world's most dangerous bed, worlds most dangerous hotel, the most dangerous hotel in the world, most dangerous road in the world, weird hotels, hotel, hotels, weirdest hotels, hotel tour, overnight in the weirdest hotels, capsule hotel, hotel vlog, hotel room, gaming hotel, pod hotel, unique hotels, hotel challenge, weird camping, most unique hotels in the world, capsule hotel tour",24
Miami to Alaska by Sleeper Train,"Get Exclusive NordVPN deal + 4 months extra here: https://nordvpn.com/trektrendy Itâ€™s risk-free with Nordâ€™s 30-day money-back guarantee

Today Iâ€™m taking the longest train journey of my life, from Miami 5,500 miles all the way to Alaska! Itâ€™s also my most ambitious trip yet, riding Amtrak in First Class, Via Rail The Canadian in Prestige Class and even the Alaska Marine Highway in the best cabin! 

Iâ€™ll be comparing the varieties of First Class, Business Class and Coach throughout, and take you along each step of the way. From the beaches of Miami, to the city of Manhattan, to the Rocky Mountains of Canada to Alaska.. this is going to be quite the adventure.

Thank you to my friend Travis  https://www.youtube.com/channel/UCFBWSLarsNTsHe8y5id9hEg
for the awesome Via Rail drone footage, go check out Travis's channel to see his recent experience on the Canadian.

0:00 - Intro
1:07 - Brightline
03:57 - Amtrak Silver Meteor 
11:12 - Maple Leaf Train
16:27 - The Canadian 
35:43 - Amtrak Cascades 
38:09 - Alaska Marine Highway
45:57 - Cost","sleeper train, luxury sleeper train, first class sleeper train, amtrak, via rail, the canadian, across america by train",19
I Hid In iShowSpeed's Live Stream,"I will run it back at 20M subs, SUBSCRIBE ğŸ˜ˆ

Follow me on Instagram!
INSTAGRAM â–¶ï¸ https://urlgeni.us/instagram/jBHg

Iâ€™m hiring! Apply for jobs here https://apply.workable.com/airrack

Outtro song â–¶ï¸ Axel Thesleff - Bad Karma
YouTube: https://bit.ly/3k6Uadj
Spotify: https://spoti.fi/3odq3TN
Instagram: https://bit.ly/3lsccaz",,24
"what I ACTUALLY cooked for dinner this week | 3 easy, healthy recipes","ğŸ‹My Healthy Cookbook: Sunee Side Up
https://suneebooks.com

ğŸ”¥My Workout Routines & 8 Week Challenges!
https://sarahsday.com/collections/workout-programs

ğŸ¤°ğŸ¼Pregnancy Workout Guide:
https://sarahsday.com/products/body-bump

â­ï¸Restore Postpartum Workout & Recovery Guide:
https://sarahsday.com/products/restore

â±Fitness Timer App:
Sezzy Timer: https://apps.apple.com/au/app/sezzy-timer/id1442742654

ğŸ“¸Work in OUR STUDIO:
https://www.houseofgroms.com/studio

â­ï¸INSTAGRAM:
@sarahs_day 
https://www.instagram.com/sarahs_day/

ğŸ™‹ğŸ¼â€â™€ï¸My Website:
https://www.sarahsday.com","week of dinners, weekly dinner prep, dinner organisation, dinner planning, healthy dinner, animal based diet, paleo, low carb, weight loss, fat loss, postpartum health, toned, best salad, easy chicken salad, Spanish rice, healthy recipe dish, healthy recipe, meal plan, meal prep, what I eat in a day, full day of eating, what I eat in a week, weight loss meal plan, what I eat fat loss",22
I Went to the Superbowl to See if it is ACTUALLY Worth it,"I Went to the Superbowl to See if it is Worth it

Download Revolut with my link, use your card, and get Â£20 (18+, end date and T&Cs apply) https://get.revolut.com/z4lF/georgeclarkeyt1

I recently went to the Superbowl having turned my nose up at it for years. Let me know if you like this style of video and what you'd like to see in the future!

Check out mine and Max Balegde's new podcast:
https://www.youtube.com/@theuselessho...

Isaac:  @ItalianBach  

TikTok: @georgeclarkeey
Instagram: @georgeclarkeey
Twitter: @clarke13george

Music:

ğŸµ Music licensed from Lickd. The biggest mainstream and stock music platform for content creators.
Pompeii by Bastille, https://lickd.lnk.to/U5oWMTID License ID: a5YNZwjrYPy
If you want to use music from famous artists, try Lickd to get track credits and unlimited stock music: https://app.lickd.co/r/f4e83846a9414770a985032d481a86be

ğŸµ Music licensed from Lickd. The biggest mainstream and stock music platform for content creators.
Let's Dance (Single Version) [2014 Remaster] by David Bowie, https://lickd.lnk.to/2pZpwtID License ID: R3mvZeAMmK2
If you want to use music from famous artists, try Lickd to get track credits and unlimited stock music: https://app.lickd.co/r/f4e83846a9414770a985032d481a86be

ğŸµ Music licensed from Lickd. The biggest mainstream and stock music platform for content creators.
Hold On, I'm Coming by Sam & Dave, https://lickd.lnk.to/juw6rvID License ID: vALxmJXXaok
If you want to use music from famous artists, try Lickd to get track credits and unlimited stock music: https://app.lickd.co/r/f4e83846a9414770a985032d481a86be

ğŸµ Music licensed from Lickd. The biggest mainstream and stock music platform for content creators.
American Idiot by Green Day, https://lickd.lnk.to/s0swWuID License ID: ojpq7P6MYbz
If you want to use music from famous artists, try Lickd to get track credits and unlimited stock music: https://app.lickd.co/r/f4e83846a9414770a985032d481a86be

ğŸµ Music licensed from Lickd. The biggest mainstream and stock music platform for content creators.
Memories (feat. Kid Cudi) [2021 Remix] by David Guetta, https://lickd.lnk.to/x9g8QEID License ID: gP7Ql6abAvO
If you want to use music from famous artists, try Lickd to get track credits and unlimited stock music: https://app.lickd.co/r/f4e83846a9414770a985032d481a86be","nfl, american football, superbowl, halftime show, taylor swift, kendrick lamar, drake, diss, uk vs usa, brit, america vs uk, america, usa, george clarke, george clarkey, italian bach, food, sport, chiefs, eagles",23
First Ever Trick Shot World Championship!,"Welcome to the 1st Annual TRICK SHOT WORLD CHAMPIONSHIP! We invited 8 of the world's best trick shot teams to a competition that gets harder and harder until only one is left standing. Who will be crowned the 2025 Trick Shot World Champion?! 

â–º Thanks for subscribing! - http://bit.ly/SubDudePerfect
â–º Get your Hero Tour tickets HERE â–º https://dudeperfect.com/tour

Ready for a Dude Perfect binge watch?? Download the DP app!!
â–º https://app.dudeperfect.com/download

A huge thank you to all our incredible contestants for joining us for an EPIC first Trick Shot World Championship! Check out their channels below!
â–º @BrodieSmith 
â–º @howridiculous
â–º @LegendaryShots
â–º @Hulett_Brothers 
â–º @ThatsAmazing 
â–º @thatllwork_official 
â–º @Thetrickshotqueen 
â–º @TristanJass
-------------------------------------------
â€œBuilt for Thisâ€
Performed by Vo Williams
Courtesy of Sound Dose Music Group
Written by Vo Williams and Caleb Schultz
Â© Sound Dose Music Group (BMI) / Caleb Steven Schultz (BMI)
 
â€œHere We Goâ€ and â€œMove Out The Wayâ€
Performed by OUTSKRTS
Courtesy of Honestly Good Music
Written by Christian Hale and Brandon Ray
Â© Christian Hale Music (BMI) / Songs for the Riverbank (BMI)
 
VO WILLIAMS links:
'Built For This' by Vo Williams
Instagram: https://www.instagram.com/thisisvo/
Spotify: https://open.spotify.com/artist/18KIg6ST1nUjVUvAlEB6ak?si=PifKxMNRTp2Xh_9lPG5qYQ
Apple Music: https://music.apple.com/us/artist/vo-williams/1260974820

OUTSKRTS links:
Clickable Link - Outskrts Spotify
Music by OUTSKRTS:
â–º Click HERE to listen on Apple Music - https://music.apple.com/us/artist/outskrts/1497824435
â–º Click HERE to listen on YouTube - https://www.youtube.com/channel/UCG62K08WlaCKsT7bkZu9_Jg

NEXT LEVEL STUFF 
-------------------------------------------
ğŸ’ NEW Merch - http://bit.ly/DPStore
ğŸ“± Text us - (469) 205-7005
ğŸ”” Hit the bell next to Subscribe so you don't miss a video!
ğŸ‘¨ğŸ»â€ğŸ’» Watch our newest vids! - http://bit.ly/NewDPVids
ğŸ“• Read our Book - ""101 Tips, Tricks and Cool Stuff"" - https://bit.ly/NewDPBook

Follow our Instagrams so we can be best friends 
-------------------------------------------
ğŸ† http://Instagram.com/DudePerfect
ğŸ§”ğŸ» http://Instagram.com/TylerNToney
ğŸ‘±ğŸ»â€â™‚ï¸ http://Instagram.com/Cody_Jones_
ğŸ™‹ğŸ»â€â™‚ï¸ http://Instagram.com/CobyCotton
ğŸ‘¨â€ğŸ¦° http://Instagram.com/GarrettHilbert
â›¹ğŸ»â€â™‚ï¸ http://Instagram.com/CoryCotton
-------------------------------------------
Bonus points if you're still reading this! 
Comment: Who should we invite in 2026??

Click here to learn more about Dude Perfect:
http://bit.ly/AboutDudePerfect

As always...Go Big and God Bless!
- Your friends at Dude Perfect

Business or Media, please contact us at: 
Dude@DudePerfect.com

------------

5 Best Friends and a Panda.
If you like Sports + Comedy, come join the Dude Perfect team!

Best known for trick shots, stereotypes, battles, bottle flips, ping pong shots and all-around competitive fun, Dude Perfect prides ourselves in making the absolute best family-friendly entertainment possible! Welcome to the crew! 

Pound it ğŸ‘ŠğŸ» Noggin ğŸ™‡ğŸ»â€â™‚ï¸ 
- Dude Perfect","dude perfect, dude perfect stereotypes, dude perfect water bottle flip, bottle flip, water bottle flip, dude perfect bottle flip, dude perfect basketball, dp, edition, trick shots, trick shot, family, ping pong, clean, family friendly, dude, Trick Shot World Championship, Brodie Smith, How Ridiculous, Trick Shot Queen, Hulett Brothers, That'll Work, That's Amazing, boom stick, Competition, Challenge, Contest, Elimination, Annual, World trick shot championship, trick shot championship",17
I Stayed in The World's Tiniest Airbnbs,"These tiny homes are crazy small! Thank you guys for watching and don't forget to LIKE the video and SUBSCRIBE!!

@brentrivera 
@pierson 
@JeremyHutchins 
@BenAzelart 
@andrewdavila6696 
@DominicBrack 
@livswearingen",,24
SWEET CHILLI AND THEO TRIAL FOR A PRO TEAMâ€¦ HEREâ€™S WHAT HAPPENED,"This video was sponsored by Xsolla, make sure to check out the Xsolla Mall here: https://cherrypick.gg/5IVEGUYSFC
Connect with the boys:
Theo M: https://www.instagram.com/theom.18
Sweet Chilli: https://www.instagram.com/sweetchilli.13
Oscar Browning: https://www.instagram.com/oscarbrow13
Louis Amroliwala: https://www.instagram.com/louis.amroliwala
Milo Rusi: https://www.instagram.com/milo.rusi

Subscribe for a shirt: https://youtube.com/@5IVEGUYSFC?si=vJ...

GRAPHICS DONE BY - @DRIVERMERLE
CAMERA - @ISawAlex5
CAMERA - @VISUALSBYDOMINIC
BEATS BY @trainwreck 

Follow 5IVE GUYS FC:
Instagram: https://www.instagram.com/5iveguysfc
Twitter: https://tinyurl.com/5t2vc7fz

Watch more videos!
SERIES 3: https://www.youtube.com/playlist?list=PL-sgYvBbGiA0Tah2AASSD0eTEb9tym4PV
SERIES 2: https://www.youtube.com/playlist?list=PL-sgYvBbGiA1MjhNPyrLA9VH1EcYXrTqt
SERIES 1: https://www.youtube.com/playlist?list=PL-sgYvBbGiA1MjhNPyrLA9VH1EcYXrTqt
TOURNAMENTS: https://www.youtube.com/playlist?list=PL-sgYvBbGiA35urvKlGrwWCgsdw9JXbUj
CHALLENGES : https://www.youtube.com/playlist?list=PL-sgYvBbGiA26huuo5Vrb9C5OeDXZ5WT2

About 5IVE GUYS FC:

Welcome to the official 5IVE GUYS FC YouTube channel! On this channel you will find a variety of content like football, goals, skills and more! Make sure to subscribe and enable ALL notifications!

5IVE GUYS FC.
Group of boys having fun with it .

@Xsolla @stevenagefcofficial  #ad  #fc25 #Stevenage  #Xsollamall",,17
Game Theory: Poppy Playtime Will END Sooner Than You Think...,"*Check Out LoreFi!*
Listen To Some Relaxing Beats While Finding LORE! â–º https://www.youtube.com/live/exKFenU1KpY?si=41_v44rCzVtceF0c

Poppy Playtime Chapter 4 was FULL of lore, and while everyone is focused on the mysteries presented in the game im focused on the future. Poppy Playtime Chapter 5, and the END of the series (which may be sooner than you think.)

The game â–º https://store.steampowered.com/app/3008670/Poppy_Playtime__Chapter_4/
â€â€â€â€â€â€â€â€â€â€â€â€â€â€â€â€â€â€â€â€â€â€â€â€â€â€â€â€â€â€â€â€â€â€â€â€â€â€â€â€â€â€â€â€â€â€â€â€â€â€
*Credits:*
Writers: Tom Robinson
Editors: Danial ""BanditRants"" Keristoufi, Koen Verhagen, Warak, Shnaia ""Naya"" Llamera, Jerika (NekoOnigiri) and JayskiBean
Sound Designer: Yosi Berman
Thumbnail Artist: DasGnomo
â€â€â€â€â€â€â€â€â€â€â€â€â€â€â€â€â€â€â€â€â€â€â€â€â€â€â€â€â€â€â€â€â€â€â€â€â€â€â€â€â€â€â€â€â€â€â€â€â€â€
Need Royalty Free Music for your Content? Try Epidemic Sound.
Get Your 30 Day Free Trial Now â–º http://share.epidemicsound.com/MatPat
â€â€â€â€â€â€â€â€â€â€â€â€â€â€â€â€â€â€â€â€â€â€â€â€â€â€â€â€â€â€â€â€â€â€â€â€â€â€â€â€â€â€â€â€â€â€â€â€â€â€
#Theory #GameTheory #PoppyPlaytime",,20
love,"We got a little bit bored so we talked about our totally real love stories!

New Merch https://socks.store/

SUBSCRIBE 


@Joocie 
@allievtuber 
@tuxy 
@oofistooshortt 
@BlazaPlays 
@Nadweyt 


----------------------------------------------------------------
follow me or I will eat your toes

Instagram â†’ https://bit.ly/2MRg4WP
Twitter â†’ https://bit.ly/2MrebAu
Reddit â†’ https://bit.ly/3apoz3C
Discord  â†’ https://discord.gg/socks 
Snapchat â†’ https://bit.ly/48iD46w

----------------------------------------------------------------

Business business? or problem with copyright? 
socks@night.co

Work with me!
https://socksfor1.com","valentines day, animation, valentine, valentine's day, valentines, valentine's day horror stories, love, animated stories, animated horror stories, love story animation, valentines day love story, valentine day love story, valentines day horror stories, stories, funny animation, love story, funny animations, funny, cartoon, funny cartoon, funny animate, short film animation, comedy animation, funny shorts, animated love story, animation short, animation shorts, romantic love story",23
FULL GUIDE To MARIANAS VEIL UPDATE In FISCH Roblox!,"FULL GUIDE To MARIANAS VEIL UPDATE In FISCH Roblox!

Join this channel to get access to perks:
https://www.youtube.com/channel/UCM2IZ0oXZRTFr5Dnw8IIy9g/join

JOIN THE DISCORD! discord.gg/carbonmeister

â­ USE STAR CODE: CARBON â­
Using my StarCode directly supports me by having Roblox pay me!

#FischRoblox #Fisch #Roblox

Thank you so much if you're even reading this as you're already here showing support!

*Keep Updated And Keep In Touch With Me!!*
(Twitter - @CarbonMeister)
(Instagram - @CarbonMeister)
(TikTok - @CarbonMeisterPlays)","fisch roblox atlantis, fisch roblox, roblox fisch, fisch new update, fisch roblox best rod, fisch roblox guide, fisch guide, fisch roblox update, roblox fisch secrets, fisch update, roblox fisch admin, fisch tutorial, fish guide roblox, roblox fisch rods, fisch roblox leaks, roblox fisch secret fish, roblox fisch update, fisch brick rod, fisch brick rod tutorial, fisch brick locations, fisch brick rod how to get, fisch roblox mila, roblox, roblox fisch money",20
Initiating Eamon & Bec into my rainforest commune,"This one hits hard. If youâ€™re struggling, consider therapy with our paid partner. Click https://betterhelp.com/maxandoccy for a discount on your first month of therapy..

In this episode my beautiful friends @eamonandbec finally visit my rainforest commune in Australia and get initiated into the life here!

Subscribe to the channel (it's free!): https://www.youtube.com/@MaxandOccy

For the behind the scenes - Join us on Instagram 
https://www.instagram.com/max.bidstrup/

Business Enquiries - maxbid88@gmail.com

Join my crew by supporting me on Patreon : )
https://www.patreon.com/maxandoccy

Or, for one time donations PayPal to maxbid88@gmail.com   Thank you!!! 

Music - all music I use in my videos can be found on a playlist here! https://open.spotify.com/playlist/26Z0mBvFsqwk2kdUQ6HUOm?si=b2c9e20935a34734

After 6 years of full time van life and travel I have bought my dream land and plan to create an off-grid homestead! Occy and I would love for you to join us on this journey and learn with us along the way!

WHERE DO I GET MY MUSIC??

http://share.mscbd.fm/maxandlee â¬…ï¸
Elevate your videos with record-label quality music from Musicbed!

BetterHelp - If you have questions about the brand relating to how the therapists are credentialed, their privacy policy, or therapist compensation, here is an overview written by the YouTube creators behind the channel Cinema Therapy that goes into these topics: https://www.reddit.com/r/cinema_therapy/comments/1dpriql/addressing_the_betterhelp_concerns_headon_deep/

#OCCY  #offgridliving #commune",,22
